Workbook

Sheet Skill
A1: id | C1: 招式 | D1: 行动决定后效果参数 | F1: 释放成功效果参数 | I1: 产生交锋效果参数 | K1: 行动后效果参数 | M1: 其他效果参数 | O1: 职能限制 | P1: 技巧点 | R1: 按键 | S1: 可选目标 | T1: 刚炁消耗 | U1: 玄炁消耗 | V1: 派系 | X1: 特效资源 | Y1: 移动类 | Z1: 是否需要目标 | AA1: 能否习得 | AB1: 招式动作
A2: Id | B2: #招式名 | C2: Move | D2: ActionParams | E2: #效果：行动决定后 | F2: ReleaseParams | G2: #效果：行动时 | H2: #效果：释放成功 | I2: CrossSwordsParams | J2: #效果：产生交锋 | K2: FinishParams | L2: #效果：行动后 | M2: OtherParams | N2: #效果：其他 | O2: ProfessionRestriction | Q2: #按键 | R2: Key | S2: Object | T2: GangQiExpend | U2: XuanQiExpend | V2: Sect | W2: #派系 | Z2: ReleaseTargetRequirements | AA2: learnRestriction
A3: int32 | C3: int32 | D3: string | F3: string | I3: string | K3: string | M3: string | O3: int32 | P3: int32 | R3: string | S3: int32 | T3: int32 | U3: int32 | V3: string
A4: 11001 | B4: 快速防守 | C4: 1 | E4: 行动的前2息内即将受到攻击将立即执行本次行动 | G4: 行动期间破与防翻倍，本次行动不会被破招 | J4: 若与杀式交锋则敌手因招式效果获得的炁-100 | L4: 获得1个随机的键 | O4: 1 | P4: 3 | Q4: ↓↓ | R4: {=_xlfn.TEXTJOIN(",",TRUE,MID(SUBSTITUTE(SUBSTITUTE(SUBSTITUTE(SUBSTITUTE($Q4,"↑","1"),"↓","2"),"←","3"),"→","4"),ROW(INDIRECT("1:"&LEN($Q4))),1))} -> 2,2 | S4: 1 | T4: / | U4: / | V4: 20202 | W4: 市井拳脚 | Y4: 2 | Z4: 0 | AA4: 1
A5: 11002 | B5: 起势 | C5: 1 | G5: 获得3个随机的键 | H5: 补充随机的键到达持有上限 | L5: 获得1个随机的键 | O5: 1 | P5: 7 | Q5: ←← | R5: {=_xlfn.TEXTJOIN(",",TRUE,MID(SUBSTITUTE(SUBSTITUTE(SUBSTITUTE(SUBSTITUTE($Q5,"↑","1"),"↓","2"),"←","3"),"→","4"),ROW(INDIRECT("1:"&LEN($Q5))),1))} -> 3,3 | S5: 1 | T5: 8 | U5: 8 | V5: 20301 | W5: 三流散功 | Y5: 2 | Z5: 0 | AA5: 1
A6: 11003 | B6: 借力 | C6: 1 | G6: 行动期间破与防翻倍，本次行动不会被破招 | J6: 获得对方招式构成相同的键 | O6: 1 | P6: 3 | Q6: ↓← | R6: {=_xlfn.TEXTJOIN(",",TRUE,MID(SUBSTITUTE(SUBSTITUTE(SUBSTITUTE(SUBSTITUTE($Q6,"↑","1"),"↓","2"),"←","3"),"→","4"),ROW(INDIRECT("1:"&LEN($Q6))),1))} -> 2,3 | S6: 1 | T6: / | U6: / | V6: 20201 | W6: 常功 | Y6: 2 | Z6: 0 | AA6: 1
A7: 11004 | B7: 汲苦 | C7: 1 | G7: 行动期间受到直接伤害时恢复伤害量30%的体，本次行动不会被破招 | J7: 若互为目标则敌手因招式效果获得的炁-100 | L7: 行动期间若受到过直接伤害则刚炁+15 | O7: 1 | P7: 4 | Q7: ↓↓↑ | R7: {=_xlfn.TEXTJOIN(",",TRUE,MID(SUBSTITUTE(SUBSTITUTE(SUBSTITUTE(SUBSTITUTE($Q7,"↑","1"),"↓","2"),"←","3"),"→","4"),ROW(INDIRECT("1:"&LEN($Q7))),1))} -> 2,2,1 | S7: 1 | T7: / | U7: / | V7: 20404 | W7: 业生寺 | Y7: 2 | Z7: 0 | AA7: 1
A8: 11005 | B8: 招架 | C8: 1 | G8: 行动期间破与防翻倍，本次行动不会被破招且持续到下个回合开始或下一次行动 | J8: 若与杀式交锋则敌手因招式效果获得的炁-100 | L8: 获得1个随机的键 | O8: 1 | P8: 2 | Q8: ↓↓← | R8: {=_xlfn.TEXTJOIN(",",TRUE,MID(SUBSTITUTE(SUBSTITUTE(SUBSTITUTE(SUBSTITUTE($Q8,"↑","1"),"↓","2"),"←","3"),"→","4"),ROW(INDIRECT("1:"&LEN($Q8))),1))} -> 2,2,3 | S8: 1 | T8: / | U8: / | V8: 20101 | W8: 基本功 | Y8: 2 | Z8: 0 | AA8: 1
A9: 11006 | B9: 外炁屏障 | C9: 1 | E9: 招式的招式的刚炁消耗转为当前50%，至多50 | H9: 获得80%力的护体 | L9: 玄炁+10，下个回合开始获得本回合结束时等量的护体 | N9: 炁拶 | O9: 1 | P9: 2 | Q9: ↑→↓ | R9: {=_xlfn.TEXTJOIN(",",TRUE,MID(SUBSTITUTE(SUBSTITUTE(SUBSTITUTE(SUBSTITUTE($Q9,"↑","1"),"↓","2"),"←","3"),"→","4"),ROW(INDIRECT("1:"&LEN($Q9))),1))} -> 1,4,2 | S9: 1 | T9: 25 | U9: / | V9: 20201 | W9: 常功 | Y9: 2 | Z9: 0 | AA9: 1
A10: 11007 | B10: 风传 | C10: 1 | E10: 行动加快2息 | H10: 指定友方获得2层迅速，清除目标的缓速状态 | L10: 玄炁+20，双方获得2个随机的键 | O10: 6 | P10: 10 | Q10: ↓←←↓ | R10: {=_xlfn.TEXTJOIN(",",TRUE,MID(SUBSTITUTE(SUBSTITUTE(SUBSTITUTE(SUBSTITUTE($Q10,"↑","1"),"↓","2"),"←","3"),"→","4"),ROW(INDIRECT("1:"&LEN($Q10))),1))} -> 2,3,3,2 | S10: 2 | T10: 20 | U10: / | V10: 20303 | W10: 羽楼 | Y10: 1 | Z10: 1 | AA10: 1
A11: 11008 | B11: 临阵之志 | C11: 1 | E11: 行动加快1息 | H11: 获得一层反击 | L11: 在3息内反击不会低于一层 | O11: 4 | P11: 8 | Q11: ↓↓→↑ | R11: {=_xlfn.TEXTJOIN(",",TRUE,MID(SUBSTITUTE(SUBSTITUTE(SUBSTITUTE(SUBSTITUTE($Q11,"↑","1"),"↓","2"),"←","3"),"→","4"),ROW(INDIRECT("1:"&LEN($Q11))),1))} -> 2,2,4,1 | S11: 1 | T11: 20 | U11: / | V11: 20305 | W11: 忱武堂 | Y11: 2 | Z11: 0 | AA11: 1
A12: 11009 | B12: 聚炁 | C12: 1 | H12: 刚炁+15，玄炁+15 | O12: 1 | P12: 5 | Q12: ↑↑ | R12: {=_xlfn.TEXTJOIN(",",TRUE,MID(SUBSTITUTE(SUBSTITUTE(SUBSTITUTE(SUBSTITUTE($Q12,"↑","1"),"↓","2"),"←","3"),"→","4"),ROW(INDIRECT("1:"&LEN($Q12))),1))} -> 1,1 | S12: 1 | T12: / | U12: / | V12: 20101 | W12: 基本功 | Y12: 2 | Z12: 0 | AA12: 1
A13: 11010 | B13: 运玄流 | C13: 1 | E13: 行动延迟2息 | H13: 玄炁+50 | L13: 每次使用后该招式减少2刚炁消耗减少5玄炁增加 | O13: 1 | P13: 8 | Q13: ↑↑← | R13: {=_xlfn.TEXTJOIN(",",TRUE,MID(SUBSTITUTE(SUBSTITUTE(SUBSTITUTE(SUBSTITUTE($Q13,"↑","1"),"↓","2"),"←","3"),"→","4"),ROW(INDIRECT("1:"&LEN($Q13))),1))} -> 1,1,3 | S13: 1 | T13: 20 | U13: / | V13: 20201 | W13: 常功 | Y13: 2 | Z13: 0 | AA13: 1
A14: 11011 | B14: 运刚流 | C14: 1 | E14: 行动延迟2息 | H14: 刚炁+50 | L14: 每次使用后该招式减少2玄炁消耗减少5刚炁增加 | O14: 1 | P14: 8 | Q14: ↑↑→ | R14: {=_xlfn.TEXTJOIN(",",TRUE,MID(SUBSTITUTE(SUBSTITUTE(SUBSTITUTE(SUBSTITUTE($Q14,"↑","1"),"↓","2"),"←","3"),"→","4"),ROW(INDIRECT("1:"&LEN($Q14))),1))} -> 1,1,4 | S14: 1 | T14: / | U14: 20 | V14: 20201 | W14: 常功 | Y14: 2 | Z14: 0 | AA14: 1
A15: 11012 | B15: 铩血功 | C15: 1 | H15: 获得100%力的血炁甲状态层数，玄炁+5 | L15: 下次行动前受到伤害后减少等量体获得等量血炁甲层数 | O15: 2 | P15: 9 | Q15: ↑→→↓ | R15: {=_xlfn.TEXTJOIN(",",TRUE,MID(SUBSTITUTE(SUBSTITUTE(SUBSTITUTE(SUBSTITUTE($Q15,"↑","1"),"↓","2"),"←","3"),"→","4"),ROW(INDIRECT("1:"&LEN($Q15))),1))} -> 1,4,4,2 | S15: 1 | T15: 30 | U15: / | V15: 20306 | W15: 血霞秘功 | Y15: 2 | Z15: 0 | AA15: 1
A16: 11013 | B16: 快服 | C16: 1 | E16: 选择消耗品使用 | H16: 消耗物品产生对应效果 | O16: 1 | P16: 0 | Q16: ← | R16: {=_xlfn.TEXTJOIN(",",TRUE,MID(SUBSTITUTE(SUBSTITUTE(SUBSTITUTE(SUBSTITUTE($Q16,"↑","1"),"↓","2"),"←","3"),"→","4"),ROW(INDIRECT("1:"&LEN($Q16))),1))} -> 3 | S16: 1 | T16: / | U16: / | V16: 20101 | W16: 基本功 | Y16: 2 | Z16: 0 | AA16: 1
A17: 11014 | B17: 披茧功 | C17: 1 | G17: 刚炁至少50则本次行动不会被破招 | H17: 将自身至多2个随机异常状态转为等量随机1层增益状态（迅速/刚聚/力增/武增） | L17: 获得6个不同的键，获得2层心眼 | O17: 4 | P17: 5 | Q17: ←↑← | R17: {=_xlfn.TEXTJOIN(",",TRUE,MID(SUBSTITUTE(SUBSTITUTE(SUBSTITUTE(SUBSTITUTE($Q17,"↑","1"),"↓","2"),"←","3"),"→","4"),ROW(INDIRECT("1:"&LEN($Q17))),1))} -> 3,1,3 | S17: 1 | T17: / | U17: 25 | V17: 20404 | W17: 业生寺 | Y17: 2 | Z17: 0 | AA17: 1
A18: 11015 | B18: 汇力诀 | C18: 1 | E18: 获得3层心眼状态 | H18: 刚炁+60 | L18: 获得1层武增和2层力增 | O18: 1 | P18: 5 | Q18: ↑←↑ | R18: {=_xlfn.TEXTJOIN(",",TRUE,MID(SUBSTITUTE(SUBSTITUTE(SUBSTITUTE(SUBSTITUTE($Q18,"↑","1"),"↓","2"),"←","3"),"→","4"),ROW(INDIRECT("1:"&LEN($Q18))),1))} -> 1,3,1 | S18: 1 | T18: 45 | U18: / | V18: 20305 | W18: 忱武堂 | Y18: 2 | Z18: 0 | AA18: 1
A19: 11016 | B19: 玄龙灌体 | C19: 1 | G19: 键至少5则本次行动不会被破招 | H19: 获得2层武增状态和3层力增状态和4层刚聚状态 | L19: 获得5个随机的键 | O19: 2 | P19: 4 | Q19: ↑↓ | R19: {=_xlfn.TEXTJOIN(",",TRUE,MID(SUBSTITUTE(SUBSTITUTE(SUBSTITUTE(SUBSTITUTE($Q19,"↑","1"),"↓","2"),"←","3"),"→","4"),ROW(INDIRECT("1:"&LEN($Q19))),1))} -> 1,2 | S19: 1 | T19: / | U19: 35 | V19: 20305 | W19: 忱武堂 | Y19: 2 | Z19: 0 | AA19: 1
A20: 11017 | B20: 调步 | C20: 1 | H20: 获得2层玄聚状态 | L20: 消耗全部的键获得（等量+4）随机的键，获得1次行动次数 | O20: 1 | P20: 3 | Q20: ↓←→↑ | R20: {=_xlfn.TEXTJOIN(",",TRUE,MID(SUBSTITUTE(SUBSTITUTE(SUBSTITUTE(SUBSTITUTE($Q20,"↑","1"),"↓","2"),"←","3"),"→","4"),ROW(INDIRECT("1:"&LEN($Q20))),1))} -> 2,3,4,1 | S20: 1 | T20: 30 | U20: / | V20: 20201 | W20: 常功 | Y20: 2 | Z20: 0 | AA20: 1
A21: 11018 | B21: 生生不息 | C21: 1 | G21: 本次行动不会被未带有←类留劲状态的敌手破招 | H21: 玄炁上限+40% | L21: 玄炁+40% | O21: 800002|800003|800004|800005|800006 | P21: 999 | Q21: ↑↑→↓ | R21: {=_xlfn.TEXTJOIN(",",TRUE,MID(SUBSTITUTE(SUBSTITUTE(SUBSTITUTE(SUBSTITUTE($Q21,"↑","1"),"↓","2"),"←","3"),"→","4"),ROW(INDIRECT("1:"&LEN($Q21))),1))} -> 1,1,4,2 | S21: 1 | T21: / | U21: / | V21: 20001 | W21: 无 | Y21: 2 | Z21: 0 | AA21: 0
A22: 11019 | B22: 生生不息 | C22: 1 | G22: 本次行动不会被未带有←类留劲状态的敌手破招 | H22: 玄炁上限+55% | L22: 玄炁+55% | O22: 800002|800003|800004|800005|800006 | P22: 999 | Q22: ↑↑→↓ | R22: {=_xlfn.TEXTJOIN(",",TRUE,MID(SUBSTITUTE(SUBSTITUTE(SUBSTITUTE(SUBSTITUTE($Q22,"↑","1"),"↓","2"),"←","3"),"→","4"),ROW(INDIRECT("1:"&LEN($Q22))),1))} -> 1,1,4,2 | S22: 1 | T22: / | U22: / | V22: 20001 | W22: 无 | Y22: 2 | Z22: 0 | AA22: 0
A23: 11020 | B23: 灵归 | C23: 1 | E23: 随机获得5个键 | H23: 将持有键替换为不同的键各2个 | L23: 玄炁+75% | O23: 800002|800003|800004|800005|800006 | P23: 999 | Q23: ↓↑ | R23: {=_xlfn.TEXTJOIN(",",TRUE,MID(SUBSTITUTE(SUBSTITUTE(SUBSTITUTE(SUBSTITUTE($Q23,"↑","1"),"↓","2"),"←","3"),"→","4"),ROW(INDIRECT("1:"&LEN($Q23))),1))} -> 2,1 | S23: 1 | T23: / | U23: 5000 | V23: 20001 | W23: 无 | Y23: 2 | Z23: 0 | AA23: 0
A24: 11021 | B24: 观 | C24: 1 | E24: 行动延迟1息 | H24: 获得3层心眼状态，获得1次行动次数 | O24: 5 | P24: 3 | Q24: →↓ | R24: {=_xlfn.TEXTJOIN(",",TRUE,MID(SUBSTITUTE(SUBSTITUTE(SUBSTITUTE(SUBSTITUTE($Q24,"↑","1"),"↓","2"),"←","3"),"→","4"),ROW(INDIRECT("1:"&LEN($Q24))),1))} -> 4,2 | S24: 1 | T24: / | U24: 20 | V24: 20301 | W24: 三流散功 | Y24: 2 | Z24: 0 | AA24: 1
A25: 11022 | B25: 灵归 | C25: 1 | E25: 随机获得5个键 | H25: 将持有键替换为不同的键各2个 | L25: 玄炁+75%，若被破招则下次使用该招式不会被破招 | O25: 800002|800003|800004|800005|800006 | P25: 999 | Q25: ↓↑ | R25: {=_xlfn.TEXTJOIN(",",TRUE,MID(SUBSTITUTE(SUBSTITUTE(SUBSTITUTE(SUBSTITUTE($Q25,"↑","1"),"↓","2"),"←","3"),"→","4"),ROW(INDIRECT("1:"&LEN($Q25))),1))} -> 2,1 | S25: 1 | T25: / | U25: 5000 | V25: 20001 | W25: 无 | Y25: 2 | Z25: 0 | AA25: 0
A26: 11023 | B26: 铁筋功 | C26: 1 | G26: 行动期间破与防翻倍，本次行动不会被破招且持续到下个回合开始 | J26: 施加3层力衰状态 | L26: 获得1个随机的键 | O26: 1 | P26: 4 | Q26: ↓↓←→ | R26: {=_xlfn.TEXTJOIN(",",TRUE,MID(SUBSTITUTE(SUBSTITUTE(SUBSTITUTE(SUBSTITUTE($Q26,"↑","1"),"↓","2"),"←","3"),"→","4"),ROW(INDIRECT("1:"&LEN($Q26))),1))} -> 2,2,3,4 | S26: 1 | T26: / | U26: / | V26: 20301 | W26: 三流散功 | Y26: 2 | Z26: 0 | AA26: 1
A27: 11024 | B27: 焚羽凌霄 | C27: 1 | G27: 获得10层缓速和10层迅速和5层玄聚和5层玄屏和5层刚聚和5层刚屏 | H27: 获得5层术衰状态和5层术增状态和5层技增状态和5层技衰状态和5层力衰状态和5层力增状态和5层武增状态和5层武衰状态 | L27: 将玄炁和刚炁的持有量变为50，获得5个随机的键 | O27: 2 | P27: 12 | Q27: ↑→↓← | R27: {=_xlfn.TEXTJOIN(",",TRUE,MID(SUBSTITUTE(SUBSTITUTE(SUBSTITUTE(SUBSTITUTE($Q27,"↑","1"),"↓","2"),"←","3"),"→","4"),ROW(INDIRECT("1:"&LEN($Q27))),1))} -> 1,4,2,3 | S27: 1 | T27: / | U27: 80 | V27: 20702 | W27: 四象形意 | Y27: 2 | Z27: 0 | AA27: 1
A28: 11025 | B28: 化蜕虫 | C28: 1 | G28: 获得10层缓速和10层迅速 | H28: 获得5层术衰状态和5层术增和5层技增和5层技衰 | L28: 获得5个随机的键 | O28: 2 | P28: 10 | Q28: ↑→↓← | R28: {=_xlfn.TEXTJOIN(",",TRUE,MID(SUBSTITUTE(SUBSTITUTE(SUBSTITUTE(SUBSTITUTE($Q28,"↑","1"),"↓","2"),"←","3"),"→","4"),ROW(INDIRECT("1:"&LEN($Q28))),1))} -> 1,4,2,3 | S28: 1 | T28: / | U28: 40 | V28: 20301 | W28: 三流散功 | Y28: 2 | Z28: 0 | AA28: 1
A29: 11026 | B29: 鸩姿 | C29: 1 | G29: 补充随机的键到达持有上限 | H29: 获得1次行动次数，下回合开始消耗全部键 | O29: 5 | P29: 5 | Q29: ↓←← | R29: {=_xlfn.TEXTJOIN(",",TRUE,MID(SUBSTITUTE(SUBSTITUTE(SUBSTITUTE(SUBSTITUTE($Q29,"↑","1"),"↓","2"),"←","3"),"→","4"),ROW(INDIRECT("1:"&LEN($Q29))),1))} -> 2,3,3 | S29: 1 | T29: 20 | U29: / | V29: 20303 | W29: 羽楼 | Y29: 2 | Z29: 0 | AA29: 1
A30: 11027 | B30: 静待流觞 | C30: 1 | G30: 行动期间防翻倍，本次行动不会被武杀式破招且持续到下个回合开始或下一次行动 | J30: 若与杀式交锋则刚炁+20,若且互为目标则消耗目标20刚炁 | O30: 1 | P30: 3 | Q30: ↓→ | R30: {=_xlfn.TEXTJOIN(",",TRUE,MID(SUBSTITUTE(SUBSTITUTE(SUBSTITUTE(SUBSTITUTE($Q30,"↑","1"),"↓","2"),"←","3"),"→","4"),ROW(INDIRECT("1:"&LEN($Q30))),1))} -> 2,4 | S30: 1 | T30: / | U30: 20 | V30: 20306 | W30: 血霞秘功 | Y30: 2 | Z30: 0 | AA30: 1
A31: 11028 | B31: 逃之夭夭 | C31: 1 | G31: 本次行动不会被破招 | H31: 退出战斗 | N31: 迅速状态超过6时可使用 | O31: 1 | P31: 999 | Q31: ← | R31: {=_xlfn.TEXTJOIN(",",TRUE,MID(SUBSTITUTE(SUBSTITUTE(SUBSTITUTE(SUBSTITUTE($Q31,"↑","1"),"↓","2"),"←","3"),"→","4"),ROW(INDIRECT("1:"&LEN($Q31))),1))} -> 3 | S31: 1 | T31: / | U31: / | V31: 20001 | W31: 无 | Y31: 2 | Z31: 0 | AA31: 0
A32: 11029 | B32: 周旋 | C32: 1 | H32: 获得1层回避 | L32: 获得4个不同的键 | O32: 5 | P32: 3 | Q32: ←←← | R32: {=_xlfn.TEXTJOIN(",",TRUE,MID(SUBSTITUTE(SUBSTITUTE(SUBSTITUTE(SUBSTITUTE($Q32,"↑","1"),"↓","2"),"←","3"),"→","4"),ROW(INDIRECT("1:"&LEN($Q32))),1))} -> 3,3,3 | S32: 1 | T32: / | U32: 25 | V32: 20201 | W32: 常功 | Y32: 2 | Z32: 0 | AA32: 1
A33: 11030 | B33: 遁江 | C33: 1 | E33: 若未成为敌手的行动目标则获得1层匿形状态 | L33: 刚炁+20 | N33: 在水域场景可使用 | O33: 1 | P33: 2 | Q33: ↑↑ | R33: {=_xlfn.TEXTJOIN(",",TRUE,MID(SUBSTITUTE(SUBSTITUTE(SUBSTITUTE(SUBSTITUTE($Q33,"↑","1"),"↓","2"),"←","3"),"→","4"),ROW(INDIRECT("1:"&LEN($Q33))),1))} -> 1,1 | S33: 1 | T33: / | U33: 10 | V33: 20205 | W33: 渔术 | Y33: 2 | Z33: 0 | AA33: 1
A34: 11031 | B34: 好戏开场 | C34: 1 | E34: 本次行动延迟1息 | H34: 下次行动的玄炁消耗减少30 | O34: 1 | P34: 5 | Q34: ↑↓ | R34: {=_xlfn.TEXTJOIN(",",TRUE,MID(SUBSTITUTE(SUBSTITUTE(SUBSTITUTE(SUBSTITUTE($Q34,"↑","1"),"↓","2"),"←","3"),"→","4"),ROW(INDIRECT("1:"&LEN($Q34))),1))} -> 1,2 | S34: 1 | T34: 5 | U34: / | V34: 20203 | W34: 野法乱术 | Y34: 2 | Z34: 0 | AA34: 1
A35: 11032 | B35: 围追堵截 | C35: 1 | G35: 行动期间破与防翻倍，本次行动不会被破招且持续到下个回合开始，目标本次杀式行动的目标转来至自身 | L35: 获得1个随机的键 | O35: 800086|800087|800088|800089|800090|800091|800092 | P35: 7 | Q35: ↓↑↓ | R35: {=_xlfn.TEXTJOIN(",",TRUE,MID(SUBSTITUTE(SUBSTITUTE(SUBSTITUTE(SUBSTITUTE($Q35,"↑","1"),"↓","2"),"←","3"),"→","4"),ROW(INDIRECT("1:"&LEN($Q35))),1))} -> 2,1,2 | S35: 1 | T35: / | U35: / | V35: 20205 | W35: 渔术 | Y35: 2 | Z35: 1 | AA35: 1
A36: 11033 | B36: 妖化 | C36: 1 | H36: 获得2层巧增 | L36: 玄炁+40，下回合猊煞状态不会产生消耗 | N36: 持有猊煞状态可使用 | O36: 1 | P36: 1 | Q36: ↑↑← | R36: {=_xlfn.TEXTJOIN(",",TRUE,MID(SUBSTITUTE(SUBSTITUTE(SUBSTITUTE(SUBSTITUTE($Q36,"↑","1"),"↓","2"),"←","3"),"→","4"),ROW(INDIRECT("1:"&LEN($Q36))),1))} -> 1,1,3 | S36: 1 | T36: 15 | U36: / | V36: 20403 | W36: 猊煞变 | Y36: 2 | Z36: 0 | AA36: 1
A37: 11034 | B37: 叩天门 | C37: 1 | E37: 获得1层烈命状态 | H37: 获得1次行动次数 | O37: 2 | P37: 12 | Q37: ←→↑ | R37: {=_xlfn.TEXTJOIN(",",TRUE,MID(SUBSTITUTE(SUBSTITUTE(SUBSTITUTE(SUBSTITUTE($Q37,"↑","1"),"↓","2"),"←","3"),"→","4"),ROW(INDIRECT("1:"&LEN($Q37))),1))} -> 3,4,1 | S37: 1 | T37: 30 | U37: / | Y37: 2 | Z37: 0 | AA37: 1
A38: 11035 | B38: 暴怒 | C38: 1 | E38: 获得4次破招抵免，本次行动持续到下次行动 | H38: 直到下次行动前速固定为1，若期间未被破招则下次行动释放武杀式：撼地 | L38: 之后再次使用该招式所获得的破招抵免在本次战斗中提升2次 | N38: 剩余行动次数为1时可使用 | O38: 800075|800076|800077 | P38: 999 | R38: {=_xlfn.TEXTJOIN(",",TRUE,MID(SUBSTITUTE(SUBSTITUTE(SUBSTITUTE(SUBSTITUTE($Q38,"↑","1"),"↓","2"),"←","3"),"→","4"),ROW(INDIRECT("1:"&LEN($Q38))),1))} -> #REF! | S38: 1 | V38: 20001 | W38: 无 | Y38: 2 | Z38: 0 | AA38: 0
A39: 11036 | B39: 舔舐伤口 | C39: 1 | H39: 清除自身3个异常状态，若清除数量不超过3个则每少1个给予1层武增1层力增1层巧增 | O39: 800075|800076|800077 | P39: 999 | R39: {=_xlfn.TEXTJOIN(",",TRUE,MID(SUBSTITUTE(SUBSTITUTE(SUBSTITUTE(SUBSTITUTE($Q39,"↑","1"),"↓","2"),"←","3"),"→","4"),ROW(INDIRECT("1:"&LEN($Q39))),1))} -> #REF! | S39: 1 | V39: 20001 | W39: 无 | Y39: 2 | Z39: 0 | AA39: 0
A40: 11037 | B40: 垂身喘息 | C40: 1 | H40: 刚炁+100，随机获得5个键 | J40: 敌手因招式效果获得的炁-100，交锋失败则在下一息重复该招式 | O40: 800075|800076|800077 | P40: 999 | R40: {=_xlfn.TEXTJOIN(",",TRUE,MID(SUBSTITUTE(SUBSTITUTE(SUBSTITUTE(SUBSTITUTE($Q40,"↑","1"),"↓","2"),"←","3"),"→","4"),ROW(INDIRECT("1:"&LEN($Q40))),1))} -> #REF! | S40: 1 | V40: 20001 | W40: 无 | Y40: 2 | Z40: 0 | AA40: 0
A41: 11038 | B41: 蜷缩抽搐 | C41: 1 | G41: 行动期间破与防翻倍，本次行动不会被破招且持续到下个回合开始 | H41: 清除2个负面状态并获得10层避殃状态 | J41: 若与杀式交锋则敌手因招式效果获得的炁-100 | O41: 800078|800079|800090 | P41: 999 | R41: {=_xlfn.TEXTJOIN(",",TRUE,MID(SUBSTITUTE(SUBSTITUTE(SUBSTITUTE(SUBSTITUTE($Q41,"↑","1"),"↓","2"),"←","3"),"→","4"),ROW(INDIRECT("1:"&LEN($Q41))),1))} -> #REF! | S41: 1 | V41: 20001 | W41: 无 | Y41: 2 | Z41: 0 | AA41: 0
A42: 11039 | B42: 炁脉涌动 | C42: 1 | G42: 本次行动不会被破招且持续到下次行动，下次行动决定后获得1次行动次数 | H42: 根据毒瘴状态层数获得增益（1：2次随机获得1层武增/术增/迅速/巧增），期间受到攻击减少2层毒瘴状态 | N42: 至少持有5层毒瘴状态才可使用 | O42: 800078|800079|800090 | P42: 999 | R42: {=_xlfn.TEXTJOIN(",",TRUE,MID(SUBSTITUTE(SUBSTITUTE(SUBSTITUTE(SUBSTITUTE($Q42,"↑","1"),"↓","2"),"←","3"),"→","4"),ROW(INDIRECT("1:"&LEN($Q42))),1))} -> #REF! | S42: 1 | V42: 20001 | W42: 无 | Y42: 2 | Z42: 0 | AA42: 0
A43: 11040 | B43: 舔舐伤口 | C43: 1 | H43: 清除自身3个异常状态，若清除数量不超过3个则每少1个给予2层武增2层力增2层巧增 | O43: 800075|800076|800077 | P43: 999 | R43: {=_xlfn.TEXTJOIN(",",TRUE,MID(SUBSTITUTE(SUBSTITUTE(SUBSTITUTE(SUBSTITUTE($Q43,"↑","1"),"↓","2"),"←","3"),"→","4"),ROW(INDIRECT("1:"&LEN($Q43))),1))} -> #REF! | S43: 1 | V43: 20001 | W43: 无 | Y43: 2 | Z43: 0 | AA43: 0
A44: 11041 | B44: 生生不息 | C44: 1 | G44: 本次行动不会被未带有←类留劲状态的敌手破招 | H44: 玄炁上限+40 | L44: 玄炁+40 | O44: 800002|800003|800004|800005|800006 | P44: 999 | Q44: ↑↑→↓ | R44: {=_xlfn.TEXTJOIN(",",TRUE,MID(SUBSTITUTE(SUBSTITUTE(SUBSTITUTE(SUBSTITUTE($Q44,"↑","1"),"↓","2"),"←","3"),"→","4"),ROW(INDIRECT("1:"&LEN($Q44))),1))} -> 1,1,4,2 | S44: 1 | V44: 20001 | W44: 无 | Y44: 2 | Z44: 0 | AA44: 0
A45: 11042 | B45: 生生不息 | C45: 1 | G45: 本次行动不会被未带有←类留劲状态的敌手破招 | H45: 玄炁上限+55 | L45: 玄炁+55 | O45: 800002|800003|800004|800005|800006 | P45: 999 | Q45: ↑↑→↓ | R45: {=_xlfn.TEXTJOIN(",",TRUE,MID(SUBSTITUTE(SUBSTITUTE(SUBSTITUTE(SUBSTITUTE($Q45,"↑","1"),"↓","2"),"←","3"),"→","4"),ROW(INDIRECT("1:"&LEN($Q45))),1))} -> 1,1,4,2 | S45: 1 | V45: 20001 | W45: 无 | Y45: 2 | Z45: 0 | AA45: 0
A46: 11043 | B46: 灵归 | C46: 1 | E46: 随机获得5个键 | H46: 将持有键替换为不同的键各2个 | L46: 玄炁+40 | O46: 800002|800003|800004|800005|800006 | P46: 999 | Q46: ↓↑ | R46: {=_xlfn.TEXTJOIN(",",TRUE,MID(SUBSTITUTE(SUBSTITUTE(SUBSTITUTE(SUBSTITUTE($Q46,"↑","1"),"↓","2"),"←","3"),"→","4"),ROW(INDIRECT("1:"&LEN($Q46))),1))} -> 2,1 | S46: 1 | V46: 20001 | W46: 无 | Y46: 2 | Z46: 0 | AA46: 0
A47: 11044 | B47: 灵归 | C47: 1 | E47: 随机获得5个键 | H47: 将持有键替换为不同的键各2个 | L47: 玄炁+55 | O47: 800002|800003|800004|800005|800006 | P47: 999 | Q47: ↓↑ | R47: {=_xlfn.TEXTJOIN(",",TRUE,MID(SUBSTITUTE(SUBSTITUTE(SUBSTITUTE(SUBSTITUTE($Q47,"↑","1"),"↓","2"),"←","3"),"→","4"),ROW(INDIRECT("1:"&LEN($Q47))),1))} -> 2,1 | S47: 1 | V47: 20001 | W47: 无 | Y47: 2 | Z47: 0 | AA47: 0
A48: 11045 | B48: 暴怒 | C48: 1 | E48: 获得6次破招抵免，本次行动持续到下次行动 | H48: 直到下次行动前速固定为1，若期间未被破招则下次行动释放武杀式：撼地 | L48: 之后再次使用该招式所获得的破招抵免在本次战斗中提升2次 | N48: 剩余行动次数为1时可使用 | O48: 800075|800076|800077 | P48: 999 | R48: {=_xlfn.TEXTJOIN(",",TRUE,MID(SUBSTITUTE(SUBSTITUTE(SUBSTITUTE(SUBSTITUTE($Q48,"↑","1"),"↓","2"),"←","3"),"→","4"),ROW(INDIRECT("1:"&LEN($Q48))),1))} -> #REF! | S48: 1 | V48: 20001 | W48: 无 | Y48: 2 | Z48: 0 | AA48: 0
A49: 11046 | B49: 舔舐伤口 | C49: 1 | H49: 清除自身3个异常状态，若清除数量不超过3个则每少1个给予2层武增2层力增2层巧增 | O49: 800075|800076|800077 | P49: 999 | R49: {=_xlfn.TEXTJOIN(",",TRUE,MID(SUBSTITUTE(SUBSTITUTE(SUBSTITUTE(SUBSTITUTE($Q49,"↑","1"),"↓","2"),"←","3"),"→","4"),ROW(INDIRECT("1:"&LEN($Q49))),1))} -> #REF! | S49: 1 | V49: 20001 | W49: 无 | Y49: 2 | Z49: 0 | AA49: 0
A50: 11047 | B50: 垂身喘息 | C50: 1 | H50: 刚炁+100，随机获得5个键 | J50: 获得1层避殃状态，敌手因招式效果获得的炁-100，交锋失败则在下一息重复该招式 | O50: 800075|800076|800077 | P50: 999 | R50: {=_xlfn.TEXTJOIN(",",TRUE,MID(SUBSTITUTE(SUBSTITUTE(SUBSTITUTE(SUBSTITUTE($Q50,"↑","1"),"↓","2"),"←","3"),"→","4"),ROW(INDIRECT("1:"&LEN($Q50))),1))} -> #REF! | S50: 1 | V50: 20001 | W50: 无 | Y50: 2 | Z50: 0 | AA50: 0
A51: 11048 | C51: 1 | H51: 施加3层龙腾状态 | R51: {=_xlfn.TEXTJOIN(",",TRUE,MID(SUBSTITUTE(SUBSTITUTE(SUBSTITUTE(SUBSTITUTE($Q51,"↑","1"),"↓","2"),"←","3"),"→","4"),ROW(INDIRECT("1:"&LEN($Q51))),1))} -> #REF! | Y51: 2 | Z51: 0 | AA51: 1
A52: 11049 | C52: 1 | H52: 清除1个异常状态，获得5层玄聚5层刚聚和3层迅速 | R52: {=_xlfn.TEXTJOIN(",",TRUE,MID(SUBSTITUTE(SUBSTITUTE(SUBSTITUTE(SUBSTITUTE($Q52,"↑","1"),"↓","2"),"←","3"),"→","4"),ROW(INDIRECT("1:"&LEN($Q52))),1))} -> #REF! | Y52: 2 | Z52: 0 | AA52: 1
A53: 11050 | B53: 龟伏式 | C53: 1 | E53: 行动延迟3息 | G53: 行动期间受到的伤害减少50%，本次行动不会被破招且持续到下个回合开始或下一次行动 | J53: 若与杀式交锋则敌手因招式效果获得的炁-100 | L53: 获得3个随机的键 | Q53: →↓↓← | R53: {=_xlfn.TEXTJOIN(",",TRUE,MID(SUBSTITUTE(SUBSTITUTE(SUBSTITUTE(SUBSTITUTE($Q53,"↑","1"),"↓","2"),"←","3"),"→","4"),ROW(INDIRECT("1:"&LEN($Q53))),1))} -> 4,2,2,3 | S53: 1 | T53: / | U53: / | V53: 20401 | W53: 二流散功 | Y53: 2 | Z53: 0 | AA53: 1
A54: 11051 | B54: 遮云手 | C54: 1 | G54: 行动期间破与防翻倍 | L54: 获得1个随机的键 | O54: 1 | P54: 1 | Q54: ↓ | R54: {=_xlfn.TEXTJOIN(",",TRUE,MID(SUBSTITUTE(SUBSTITUTE(SUBSTITUTE(SUBSTITUTE($Q54,"↑","1"),"↓","2"),"←","3"),"→","4"),ROW(INDIRECT("1:"&LEN($Q54))),1))} -> 2 | S54: 1 | V54: 20204 | W54: 乌仇神功 | Y54: 2 | Z54: 0 | AA54: 1
A55: 11052 | B55: 掩护我 | H55: 将自身即将受到的敌方行动转移至目标友方 | L55: 刚炁+5，玄炁+5 | Q55: ←↓↓ | R55: {=_xlfn.TEXTJOIN(",",TRUE,MID(SUBSTITUTE(SUBSTITUTE(SUBSTITUTE(SUBSTITUTE($Q55,"↑","1"),"↓","2"),"←","3"),"→","4"),ROW(INDIRECT("1:"&LEN($Q55))),1))} -> 3,2,2 | S55: 2 | V55: 20204 | W55: 乌仇神功 | Y55: 1 | Z55: 1 | AA55: 1
A56: 11053 | B56: 水戈再起 | C56: 1 | H56: 获得3层武增状态和3层力增状态，防+10，力+30 | L56: 获得50%力层的护体状态 | N56: 上次行动若交锋失败才可使用 | Q56: ↓↓ | R56: {=_xlfn.TEXTJOIN(",",TRUE,MID(SUBSTITUTE(SUBSTITUTE(SUBSTITUTE(SUBSTITUTE($Q56,"↑","1"),"↓","2"),"←","3"),"→","4"),ROW(INDIRECT("1:"&LEN($Q56))),1))} -> 2,2 | S56: 1 | T56: 5 | U56: / | V56: 20205 | W56: 渔术 | Y56: 2 | Z56: 0 | AA56: 1
A57: 11054 | C57: 1 | H57: 刚炁+12，玄炁+12，获得4层稳势 | Q57: ↑↑ | R57: {=_xlfn.TEXTJOIN(",",TRUE,MID(SUBSTITUTE(SUBSTITUTE(SUBSTITUTE(SUBSTITUTE($Q57,"↑","1"),"↓","2"),"←","3"),"→","4"),ROW(INDIRECT("1:"&LEN($Q57))),1))} -> 1,1 | S57: 1 | T57: / | U57: / | Y57: 2 | Z57: 0 | AA57: 1
A58: 11055 | C58: 1 | G58: 行动期间破与防翻倍 | J58: 若与与杀式交锋时则获得1层反击状态 | Q58: ↓← | R58: {=_xlfn.TEXTJOIN(",",TRUE,MID(SUBSTITUTE(SUBSTITUTE(SUBSTITUTE(SUBSTITUTE($Q58,"↑","1"),"↓","2"),"←","3"),"→","4"),ROW(INDIRECT("1:"&LEN($Q58))),1))} -> 2,3 | S58: 1 | T58: / | U58: / | Y58: 2 | Z58: 0 | AA58: 1
A59: 11056 | C59: 1 | G59: 若醉气层数超过5则改为随机目标释放xx（该招式） | H59: 获得3层闪避状态 | J59: 获得3层闪避状态 | L59: 获得3层醉气状态与3层巧增状态 | P59: 3 | Q59: ←← | R59: {=_xlfn.TEXTJOIN(",",TRUE,MID(SUBSTITUTE(SUBSTITUTE(SUBSTITUTE(SUBSTITUTE($Q59,"↑","1"),"↓","2"),"←","3"),"→","4"),ROW(INDIRECT("1:"&LEN($Q59))),1))} -> 3,3 | S59: 1 | T59: / | U59: / | V59: 20604 | W59: 自如梦 | Y59: 2 | Z59: 0 | AA59: 1
A60: 11057 | B60: 回神 | C60: 1 | N60: 期间受到伤害增加30%，本次行动不会被破招（优先级最高，不会被后续添加的招式覆盖） | P60: 999 | V60: 20001 | W60: 无 | Y60: 2 | Z60: 0 | AA60: 0
A61: 11058 | C61: 1 | G61: 本次行动不影响状态的存续 | H61: 获得4层刚聚4层心眼2层破绽抵免状态 | L61: 若存在异常状态则获得异常数量等量随机的键 | O61: 7 | S61: 1 | T61: / | U61: 35 | V61: 20604 | W61: 自如梦 | Y61: 2 | Z61: 0 | AA61: 0
C62: 1 | G62: 本次行动持续3息，期间持续恢复炁（第一息10刚炁第二息10玄炁第三息各10） | S62: 1 | T62: / | U62: / | Y62: 2 | Z62: 0 | AA62: 1
R63: {=_xlfn.TEXTJOIN(",",TRUE,MID(SUBSTITUTE(SUBSTITUTE(SUBSTITUTE(SUBSTITUTE($Q63,"↑","1"),"↓","2"),"←","3"),"→","4"),ROW(INDIRECT("1:"&LEN($Q63))),1))} -> #REF!
A64: 12001 | B64: 基法 | C64: 2 | H64: 对目标造成100%技的伤害 | L64: 刚炁+10 | O64: 1 | P64: 2 | Q64: →↑ | R64: {=_xlfn.TEXTJOIN(",",TRUE,MID(SUBSTITUTE(SUBSTITUTE(SUBSTITUTE(SUBSTITUTE($Q64,"↑","1"),"↓","2"),"←","3"),"→","4"),ROW(INDIRECT("1:"&LEN($Q64))),1))} -> 4,1 | S64: 1 | T64: / | U64: 10 | V64: 20101 | W64: 基本功 | Y64: 2 | Z64: 1 | AA64: 1
A65: 12002 | B65: 奇术 | C65: 2 | H65: 对目标造成120%技的伤害 | L65: 刚炁+30 | O65: 1 | P65: 4 | Q65: →↑↓ | R65: {=_xlfn.TEXTJOIN(",",TRUE,MID(SUBSTITUTE(SUBSTITUTE(SUBSTITUTE(SUBSTITUTE($Q65,"↑","1"),"↓","2"),"←","3"),"→","4"),ROW(INDIRECT("1:"&LEN($Q65))),1))} -> 4,1,2 | S65: 1 | T65: / | U65: 30 | V65: 20101 | W65: 基本功 | Y65: 2 | Z65: 1 | AA65: 1
A66: 12003 | B66: 杀伐技 | C66: 2 | H66: 对目标造成140%技的伤害 | L66: 刚炁+90 | O66: 1 | P66: 6 | Q66: →↑↓↓ | R66: {=_xlfn.TEXTJOIN(",",TRUE,MID(SUBSTITUTE(SUBSTITUTE(SUBSTITUTE(SUBSTITUTE($Q66,"↑","1"),"↓","2"),"←","3"),"→","4"),ROW(INDIRECT("1:"&LEN($Q66))),1))} -> 4,1,2,2 | S66: 1 | T66: / | U66: 90 | V66: 20101 | W66: 基本功 | Y66: 2 | Z66: 1 | AA66: 1
A67: 12004 | B67: 引炁为刃 | C67: 2 | E67: 招式的玄炁消耗转为当前30%，至多30 | H67: 对目标造成100%技的伤害 | L67: 刚炁+当前30%（至少9） | O67: 1 | P67: 6 | Q67: ↑← | R67: {=_xlfn.TEXTJOIN(",",TRUE,MID(SUBSTITUTE(SUBSTITUTE(SUBSTITUTE(SUBSTITUTE($Q67,"↑","1"),"↓","2"),"←","3"),"→","4"),ROW(INDIRECT("1:"&LEN($Q67))),1))} -> 1,3 | S67: 1 | T67: / | U67: 9 | V67: 20101 | W67: 基本功 | Y67: 1 | Z67: 1 | AA67: 1
A68: 12005 | B68: 汇点一破 | C68: 2 | E68: 招式的玄炁消耗转为当前40%，至多40 | H68: 对目标造成110%技的伤害 | L68: 刚炁+当前40%（至少12） | O68: 1 | P68: 5 | Q68: ↑←→ | R68: {=_xlfn.TEXTJOIN(",",TRUE,MID(SUBSTITUTE(SUBSTITUTE(SUBSTITUTE(SUBSTITUTE($Q68,"↑","1"),"↓","2"),"←","3"),"→","4"),ROW(INDIRECT("1:"&LEN($Q68))),1))} -> 1,3,4 | S68: 1 | T68: / | U68: 20 | V68: 20101 | W68: 基本功 | Y68: 1 | Z68: 1 | AA68: 1
A69: 12006 | B69: 绝玄戮命 | C69: 2 | E69: 招式的玄炁消耗转为当前70%，至多70 | H69: 对目标造成125%技的伤害 | L69: 刚炁+当前70%（至少21） | O69: 1 | P69: 4 | Q69: ↑←→→ | R69: {=_xlfn.TEXTJOIN(",",TRUE,MID(SUBSTITUTE(SUBSTITUTE(SUBSTITUTE(SUBSTITUTE($Q69,"↑","1"),"↓","2"),"←","3"),"→","4"),ROW(INDIRECT("1:"&LEN($Q69))),1))} -> 1,3,4,4 | S69: 1 | T69: / | U69: 49 | V69: 20101 | W69: 基本功 | Y69: 1 | Z69: 1 | AA69: 1
A70: 12007 | B70: 黭幽幻 | C70: 2 | H70: 对目标造成115%技的伤害,施加3层术式禁 | L70: 刚炁+10 | O70: 3 | P70: 8 | Q70: ↓→← | R70: {=_xlfn.TEXTJOIN(",",TRUE,MID(SUBSTITUTE(SUBSTITUTE(SUBSTITUTE(SUBSTITUTE($Q70,"↑","1"),"↓","2"),"←","3"),"→","4"),ROW(INDIRECT("1:"&LEN($Q70))),1))} -> 2,4,3 | S70: 1 | T70: / | U70: 25 | V70: 20301 | W70: 三流散功 | Y70: 2 | Z70: 1 | AA70: 1
A71: 12008 | B71: 盗光 | C71: 2 | E71: 获得2层缓速 | H71: 对目标造成125%技的伤害 | J71: 若互为目标则窃取目标25%力在本回合 | L71: 刚炁+5 | O71: 6 | P71: 10 | Q71: ↑↑↓→ | R71: {=_xlfn.TEXTJOIN(",",TRUE,MID(SUBSTITUTE(SUBSTITUTE(SUBSTITUTE(SUBSTITUTE($Q71,"↑","1"),"↓","2"),"←","3"),"→","4"),ROW(INDIRECT("1:"&LEN($Q71))),1))} -> 1,1,2,4 | S71: 1 | T71: / | U71: 25 | V71: 20301 | W71: 三流散功 | Y71: 1 | Z71: 1 | AA71: 1
A72: 12009 | B72: 贯日 | C72: 2 | G72: 每有一个键该招式威力增加8的百分比 | H72: 对目标造成115%技的伤害 | L72: 刚炁+30，消耗全部的键 | O72: 1 | P72: 7 | Q72: →→→ | R72: {=_xlfn.TEXTJOIN(",",TRUE,MID(SUBSTITUTE(SUBSTITUTE(SUBSTITUTE(SUBSTITUTE($Q72,"↑","1"),"↓","2"),"←","3"),"→","4"),ROW(INDIRECT("1:"&LEN($Q72))),1))} -> 4,4,4 | S72: 1 | T72: / | U72: 30 | V72: 20401 | W72: 二流散功 | Y72: 1 | Z72: 1 | AA72: 1
A73: 12010 | B73: 绝技·印月 | C73: 2 | G73: 复制本回合使用过的术杀式 | Q73: ↑↓←→ | R73: {=_xlfn.TEXTJOIN(",",TRUE,MID(SUBSTITUTE(SUBSTITUTE(SUBSTITUTE(SUBSTITUTE($Q73,"↑","1"),"↓","2"),"←","3"),"→","4"),ROW(INDIRECT("1:"&LEN($Q73))),1))} -> 1,2,3,4 | S73: 1 | T73: / | U73: 50 | V73: 20701 | W73: 孤支奇功 | Y73: 2 | Z73: 1 | AA73: 1
A74: 12011 | B74: 移阳秘术 | C74: 2 | H74: 对目标造成100%技的伤害 | J74: 目标杀式的威力若超出100则根据超出等量减少至多35的百分比，根据本次行动招式的二号键方向将交锋目标卦位改变为对应阳卦直到下回合(↑坎↓乾←兑→震) | R74: {=_xlfn.TEXTJOIN(",",TRUE,MID(SUBSTITUTE(SUBSTITUTE(SUBSTITUTE(SUBSTITUTE($Q74,"↑","1"),"↓","2"),"←","3"),"→","4"),ROW(INDIRECT("1:"&LEN($Q74))),1))} -> #REF! | S74: 1 | V74: 20502 | W74: 指爻派 | Y74: 1 | Z74: 1 | AA74: 1
A75: 12012 | B75: 挪阴秘术 | C75: 2 | H75: 对目标造成100%技的伤害 | J75: 目标杀式的威力若超出100则根据超出等量减少至多35的百分比，交锋时根据本次行动招式的二号键方向将交锋目标卦位改变为对应阴卦直到下回合（↑巽↓坤←艮→离） | R75: {=_xlfn.TEXTJOIN(",",TRUE,MID(SUBSTITUTE(SUBSTITUTE(SUBSTITUTE(SUBSTITUTE($Q75,"↑","1"),"↓","2"),"←","3"),"→","4"),ROW(INDIRECT("1:"&LEN($Q75))),1))} -> #REF! | S75: 1 | V75: 20502 | W75: 指爻派 | Y75: 1 | Z75: 1 | AA75: 1
A76: 12013 | B76: 卦引·天破 | C76: 2 | G76: 自身或目标在乾位则本次招式威力增加15的百分比，自身在离/巽位则刚炁+10 | H76: 对目标造成120%技的伤害，施加2层破绽状态 | L76: 若自身在离/乾/巽位，卦位不会发生变化 | P76: 4 | Q76: ←↑↑ | R76: {=_xlfn.TEXTJOIN(",",TRUE,MID(SUBSTITUTE(SUBSTITUTE(SUBSTITUTE(SUBSTITUTE($Q76,"↑","1"),"↓","2"),"←","3"),"→","4"),ROW(INDIRECT("1:"&LEN($Q76))),1))} -> 3,1,1 | S76: 1 | T76: 25 | U76: / | V76: 20502 | W76: 指爻派 | Y76: 2 | Z76: 1 | AA76: 1
A77: 12014 | B77: 卦引·尘灭 | C77: 2 | G77: 自身或目标在坤位则本次招式威力增加15的百分比，自身在兑/坎位则玄炁+10 | H77: 对目标造成120%技的伤害，施加2层过劲状态 | L77: 若自身在兑/坤/坎位，卦位不会发生变化 | P77: 4 | Q77: →↓↓ | R77: {=_xlfn.TEXTJOIN(",",TRUE,MID(SUBSTITUTE(SUBSTITUTE(SUBSTITUTE(SUBSTITUTE($Q77,"↑","1"),"↓","2"),"←","3"),"→","4"),ROW(INDIRECT("1:"&LEN($Q77))),1))} -> 4,2,2 | S77: 1 | T77: / | U77: 25 | V77: 20502 | W77: 指爻派 | Y77: 2 | Z77: 1 | AA77: 1
A78: 12015 | B78: 卦引·雳诛 | C78: 2 | G78: 自身或目标在震位则本次招式威力增加15的百分比，自身在艮/巽位则刚炁+10 | H78: 对目标造成120%技的伤害，施加2层技衰状态 | L78: 若自身在艮/震/巽位，卦位不会发生变化 | P78: 4 | Q78: ←↓← | R78: {=_xlfn.TEXTJOIN(",",TRUE,MID(SUBSTITUTE(SUBSTITUTE(SUBSTITUTE(SUBSTITUTE($Q78,"↑","1"),"↓","2"),"←","3"),"→","4"),ROW(INDIRECT("1:"&LEN($Q78))),1))} -> 3,2,3 | S78: 1 | T78: 25 | U78: / | V78: 20502 | W78: 指爻派 | Y78: 2 | Z78: 1 | AA78: 1
A79: 12016 | B79: 卦引·岚萧 | C79: 2 | G79: 自身或目标在巽位则本次招式威力增加15的百分比，自身在震/乾位则玄炁+10 | H79: 对目标造成120%技的伤害，施加2层力衰状态 | L79: 若自身在震/巽/乾位，卦位不会发生变化 | P79: 4 | Q79: →↑→ | R79: {=_xlfn.TEXTJOIN(",",TRUE,MID(SUBSTITUTE(SUBSTITUTE(SUBSTITUTE(SUBSTITUTE($Q79,"↑","1"),"↓","2"),"←","3"),"→","4"),ROW(INDIRECT("1:"&LEN($Q79))),1))} -> 4,1,4 | S79: 1 | T79: / | U79: 25 | V79: 20502 | W79: 指爻派 | Y79: 2 | Z79: 1 | AA79: 1
A80: 12017 | B80: 卦引·焚眀 | C80: 2 | G80: 自身或目标在离位则本次招式威力增加15的百分比，自身在乾/兑位则玄炁+10 | H80: 对目标造成120%技的伤害，施加2层状态 | L80: 若自身在乾/离/兑位，卦位不会发生变化 | P80: 4 | Q80: →←← | R80: {=_xlfn.TEXTJOIN(",",TRUE,MID(SUBSTITUTE(SUBSTITUTE(SUBSTITUTE(SUBSTITUTE($Q80,"↑","1"),"↓","2"),"←","3"),"→","4"),ROW(INDIRECT("1:"&LEN($Q80))),1))} -> 4,3,3 | S80: 1 | T80: / | U80: 25 | V80: 20502 | W80: 指爻派 | Y80: 2 | Z80: 1 | AA80: 1
A81: 12018 | B81: 卦引·泽网 | C81: 2 | G81: 自身或目标在兑位则本次招式威力增加15的百分比，自身在离/坤位则刚炁+10 | H81: 对目标造成120%技的伤害，施加2层缓速状态 | L81: 若自身在离/兑/坤位，卦位不会发生变化 | P81: 4 | Q81: ←↑← | R81: {=_xlfn.TEXTJOIN(",",TRUE,MID(SUBSTITUTE(SUBSTITUTE(SUBSTITUTE(SUBSTITUTE($Q81,"↑","1"),"↓","2"),"←","3"),"→","4"),ROW(INDIRECT("1:"&LEN($Q81))),1))} -> 3,1,3 | S81: 1 | T81: 25 | U81: / | V81: 20502 | W81: 指爻派 | Y81: 2 | Z81: 1 | AA81: 1
A82: 12019 | B82: 卦引·岳镇 | C82: 2 | G82: 自身或目标在艮位则本次招式威力增加15的百分比，自身在震/坎位则玄炁+10 | H82: 对目标造成120%技的伤害，施加2层刚屏状态 | L82: 若自身在震/艮/坎位，卦位不会发生变化 | P82: 4 | Q82: →↓→ | R82: {=_xlfn.TEXTJOIN(",",TRUE,MID(SUBSTITUTE(SUBSTITUTE(SUBSTITUTE(SUBSTITUTE($Q82,"↑","1"),"↓","2"),"←","3"),"→","4"),ROW(INDIRECT("1:"&LEN($Q82))),1))} -> 4,2,4 | S82: 1 | T82: / | U82: 25 | V82: 20502 | W82: 指爻派 | Y82: 2 | Z82: 1 | AA82: 1
A83: 12020 | B83: 卦引·涛绝 | C83: 2 | G83: 自身或目标在坎位则本次招式威力增加15的百分比，自身在坤/艮位则玄炁+10 | H83: 对目标造成120%技的伤害，施加2层玄屏状态 | L83: 若自身在坤/坎/艮位，卦位不会发生变化 | P83: 4 | Q83: ←→→ | R83: {=_xlfn.TEXTJOIN(",",TRUE,MID(SUBSTITUTE(SUBSTITUTE(SUBSTITUTE(SUBSTITUTE($Q83,"↑","1"),"↓","2"),"←","3"),"→","4"),ROW(INDIRECT("1:"&LEN($Q83))),1))} -> 3,4,4 | S83: 1 | T83: 25 | U83: / | V83: 20502 | W83: 指爻派 | Y83: 2 | Z83: 1 | AA83: 1
A84: 12021 | B84: 胡乱术法 | C84: 2 | G84: 获得3层术衰 | H84: 对目标造成135%技的伤害，施加2层术衰 | P84: 7 | Q84: ↓↑→ | R84: {=_xlfn.TEXTJOIN(",",TRUE,MID(SUBSTITUTE(SUBSTITUTE(SUBSTITUTE(SUBSTITUTE($Q84,"↑","1"),"↓","2"),"←","3"),"→","4"),ROW(INDIRECT("1:"&LEN($Q84))),1))} -> 2,1,4 | S84: 1 | T84: / | U84: 30 | V84: 20203 | W84: 野法乱术 | Y84: 2 | Z84: 1 | AA84: 1
A85: 12022 | B85: 摒杀 | C85: 2 | H85: 对目标造成175%技的伤害，不会造成伤害而是施加死楔状态 | R85: {=_xlfn.TEXTJOIN(",",TRUE,MID(SUBSTITUTE(SUBSTITUTE(SUBSTITUTE(SUBSTITUTE($Q85,"↑","1"),"↓","2"),"←","3"),"→","4"),ROW(INDIRECT("1:"&LEN($Q85))),1))} -> #REF! | S85: 1 | V85: 20701 | W85: 孤支奇功 | Y85: 1 | Z85: 1 | AA85: 1
A86: 12023 | B86: 敷宵剑 | C86: 2 | H86: 对目标造成35%技的伤害 | P86: 999 | R86: / | S86: 1 | T86: / | U86: / | V86: 20505 | W86: 敷宵宗 | Y86: 1 | Z86: 1 | AA86: 0
A87: 12024 | B87: 施力压迫 | C87: 2 | H87: 对目标造成125%技的伤害，施加3层刚屏合3层玄屏 | J87: 若互为目标且目标未带有↓类留劲状态则本次行动不会被破招 | Q87: ←←→↑ | R87: {=_xlfn.TEXTJOIN(",",TRUE,MID(SUBSTITUTE(SUBSTITUTE(SUBSTITUTE(SUBSTITUTE($Q87,"↑","1"),"↓","2"),"←","3"),"→","4"),ROW(INDIRECT("1:"&LEN($Q87))),1))} -> 3,3,4,1 | S87: 1 | T87: / | U87: 500 | V87: 20001 | W87: 无 | Y87: 1 | Z87: 1 | AA87: 0
A88: 12025 | B88: 施力压迫 | C88: 2 | G88: 本次行动不会被未带有↓类留劲状态的敌手破招 | H88: 对目标造成135%技的伤害，施加3层刚屏合3层玄屏 | Q88: ←←→↑ | R88: {=_xlfn.TEXTJOIN(",",TRUE,MID(SUBSTITUTE(SUBSTITUTE(SUBSTITUTE(SUBSTITUTE($Q88,"↑","1"),"↓","2"),"←","3"),"→","4"),ROW(INDIRECT("1:"&LEN($Q88))),1))} -> 3,3,4,1 | S88: 1 | T88: / | U88: 500 | V88: 20001 | W88: 无 | Y88: 1 | Z88: 1 | AA88: 0
A89: 12026 | B89: 迭浪倾川 | C89: 2 | H89: 对目标造成110%技的伤害，施加1层僵硬 | J89: 施加3层术衰状态 | L89: 若持有键超过3个则随机消耗3个键在下一息重复该行动 | Q89: ←→← | R89: {=_xlfn.TEXTJOIN(",",TRUE,MID(SUBSTITUTE(SUBSTITUTE(SUBSTITUTE(SUBSTITUTE($Q89,"↑","1"),"↓","2"),"←","3"),"→","4"),ROW(INDIRECT("1:"&LEN($Q89))),1))} -> 3,4,3 | S89: 1 | Y89: 2 | Z89: 1 | AA89: 1
A90: 12027 | B90: 尖啸 | C90: 2 | E90: 行动延迟1息 | H90: 对全部敌手造成100%技的伤害，减少其1个键 | L90: 在下一息重复该行动，至多重复2次 | Q90: ↑←↓→ | R90: {=_xlfn.TEXTJOIN(",",TRUE,MID(SUBSTITUTE(SUBSTITUTE(SUBSTITUTE(SUBSTITUTE($Q90,"↑","1"),"↓","2"),"←","3"),"→","4"),ROW(INDIRECT("1:"&LEN($Q90))),1))} -> 1,3,2,4 | S90: 1 | T90: / | U90: 15000 | V90: 20001 | W90: 无 | Y90: 1 | Z90: 1 | AA90: 0
A91: 12028 | B91: 森森邪气 | C91: 2 | E91: 随机获得3个键 | H91: 对目标造成125%技的伤害，窃取目标1个增益状态 | J91: 若键的数量大于敌手则威力增加10的百分比，且时窃取目标1个增益状态的效果改为交锋时触发 | Q91: ←→ | R91: {=_xlfn.TEXTJOIN(",",TRUE,MID(SUBSTITUTE(SUBSTITUTE(SUBSTITUTE(SUBSTITUTE($Q91,"↑","1"),"↓","2"),"←","3"),"→","4"),ROW(INDIRECT("1:"&LEN($Q91))),1))} -> 3,4 | S91: 1 | T91: / | U91: 1500 | V91: 20001 | W91: 无 | Y91: 1 | Z91: 1 | AA91: 0
A92: 12029 | B92: 尖啸 | C92: 2 | E92: 行动延迟1息 | H92: 对全部敌手造成100%技的伤害，减少其1个键 | L92: 在下一息重复该行动，至多3次 | Q92: ↑←↓→ | R92: {=_xlfn.TEXTJOIN(",",TRUE,MID(SUBSTITUTE(SUBSTITUTE(SUBSTITUTE(SUBSTITUTE($Q92,"↑","1"),"↓","2"),"←","3"),"→","4"),ROW(INDIRECT("1:"&LEN($Q92))),1))} -> 1,3,2,4 | S92: 1 | T92: / | U92: 15000 | V92: 20001 | W92: 无 | Y92: 1 | Z92: 1 | AA92: 0
A93: 12030 | B93: 森森邪气 | C93: 2 | E93: 随机获得3个键 | H93: 对目标造成135%技的伤害，窃取目标2个增益状态 | J93: 若键的数量大于敌手则威力增加20的百分比，且时窃取目标2个增益状态的效果改为交锋时触发 | Q93: ←→ | R93: {=_xlfn.TEXTJOIN(",",TRUE,MID(SUBSTITUTE(SUBSTITUTE(SUBSTITUTE(SUBSTITUTE($Q93,"↑","1"),"↓","2"),"←","3"),"→","4"),ROW(INDIRECT("1:"&LEN($Q93))),1))} -> 3,4 | S93: 1 | T93: / | U93: 1500 | V93: 20001 | W93: 无 | Y93: 1 | Z93: 1 | AA93: 0
A94: 12031 | B94: 抹残香 | C94: 2 | H94: 对目标造成105%技的伤害，若处于第一息则施加1层僵硬状态和2层破绽状态 | Q94: →← | R94: {=_xlfn.TEXTJOIN(",",TRUE,MID(SUBSTITUTE(SUBSTITUTE(SUBSTITUTE(SUBSTITUTE($Q94,"↑","1"),"↓","2"),"←","3"),"→","4"),ROW(INDIRECT("1:"&LEN($Q94))),1))} -> 4,3 | S94: 1 | T94: / | U94: 15 | V94: 20303 | W94: 羽楼 | Y94: 1 | Z94: 1 | AA94: 1
A95: 12032 | B95: 小 | C95: 2 | G95: 随机消耗3个不同的键 | H95: 对目标造成100%技的伤害， | J95: 威力增加0~50的百分比 | N95: 至少持有3个不同的键时可使用 | R95: {=_xlfn.TEXTJOIN(",",TRUE,MID(SUBSTITUTE(SUBSTITUTE(SUBSTITUTE(SUBSTITUTE($Q95,"↑","1"),"↓","2"),"←","3"),"→","4"),ROW(INDIRECT("1:"&LEN($Q95))),1))} -> #REF! | S95: 1 | V95: 20001 | W95: 无 | Y95: 1 | Z95: 1 | AA95: 0
A96: 12033 | B96: 中 | C96: 2 | G96: 随机消耗2个相同的键与1个不相同的键 | H96: 对目标造成50%技的伤害，威力增加0~140的百分比 | N96: 至少持有2个相同的键与1个不相同的键时可使用 | R96: {=_xlfn.TEXTJOIN(",",TRUE,MID(SUBSTITUTE(SUBSTITUTE(SUBSTITUTE(SUBSTITUTE($Q96,"↑","1"),"↓","2"),"←","3"),"→","4"),ROW(INDIRECT("1:"&LEN($Q96))),1))} -> #REF! | S96: 1 | V96: 20001 | W96: 无 | Y96: 1 | Z96: 1 | AA96: 0
A97: 12034 | B97: 大 | C97: 2 | G97: 随机消耗2个相同的键与另外2个相同的键 | H97: 对目标造成%技的伤害， | R97: {=_xlfn.TEXTJOIN(",",TRUE,MID(SUBSTITUTE(SUBSTITUTE(SUBSTITUTE(SUBSTITUTE($Q97,"↑","1"),"↓","2"),"←","3"),"→","4"),ROW(INDIRECT("1:"&LEN($Q97))),1))} -> #REF! | S97: 1 | V97: 20001 | W97: 无 | Y97: 1 | Z97: 1 | AA97: 0
A98: 12035 | B98: 小雷令 | C98: 2 | H98: 对目标造成105%技的伤害，施加3层技衰状态 | L98: 玄炁+15 | R98: {=_xlfn.TEXTJOIN(",",TRUE,MID(SUBSTITUTE(SUBSTITUTE(SUBSTITUTE(SUBSTITUTE($Q98,"↑","1"),"↓","2"),"←","3"),"→","4"),ROW(INDIRECT("1:"&LEN($Q98))),1))} -> #REF! | S98: 1 | T98: 35 | U98: / | V98: 20302 | W98: 基础法咒 | Y98: 2 | Z98: 1 | AA98: 1
A99: 12036 | B99: 燕子回梭 | C99: 2 | E99: 行动加快1息 | H99: 对目标造成95%技的伤害，施加1层缓速状态 | L99: 刚炁+10 | R99: {=_xlfn.TEXTJOIN(",",TRUE,MID(SUBSTITUTE(SUBSTITUTE(SUBSTITUTE(SUBSTITUTE($Q99,"↑","1"),"↓","2"),"←","3"),"→","4"),ROW(INDIRECT("1:"&LEN($Q99))),1))} -> #REF! | S99: 1 | T99: / | U99: 20 | V99: 20203 | W99: 野法乱术 | Y99: 2 | Z99: 1 | AA99: 1
A100: 12037 | B100: 截斗运 | C100: 2 | H100: 对目标造成125%技的伤害，施加2层失持状态 | R100: {=_xlfn.TEXTJOIN(",",TRUE,MID(SUBSTITUTE(SUBSTITUTE(SUBSTITUTE(SUBSTITUTE($Q100,"↑","1"),"↓","2"),"←","3"),"→","4"),ROW(INDIRECT("1:"&LEN($Q100))),1))} -> #REF! | S100: 1 | T100: / | U100: 25 | V100: 20304 | W100: 炁卜 | Y100: 1 | Z100: 1 | AA100: 1
...

Sheet 派系强度阶梯
B1: 炁拶 | C1: 非派式 | E1: 派式
A2: 特殊 | C2: 孤支奇功 | D2: =COUNTIF(Skill!V:V,20701) -> 8 | E2: 四象形意（4） | F2: =COUNTIF(Skill!V:V,20702) -> 4 | G2: 金真妙法 | H2: =COUNTIF(Skill!V:V,20402) -> 6 | I2: 蕃寰曲 | J2: =COUNTIF(Skill!V:V,20307) -> 4 | K2: 丹经脉录 | L2: =COUNTIF(Skill!V:V,20705) -> 3
A3: 后期 | C3: 超一流 | D3: =COUNTIF(Skill!V:V,20601) -> 1 | E3: 傀摆戏 | F3: =COUNTIF(Skill!V:V,20602) -> 3 | G3: 墨刀 | H3: =COUNTIF(Skill!V:V,20603) -> 2 | I3: 自如梦 | J3: =COUNTIF(Skill!V:V,20604) -> 8
A4: 中后期 | C4: 一流散功 | D4: =COUNTIF(Skill!V:V,20501) -> 1 | E4: 指爻派 | F4: =COUNTIF(Skill!V:V,20502) -> 14 | G4: 元真门 | H4: =COUNTIF(Skill!V:V,20503) -> 5 | I4: 泊风刀法（1） | J4: =COUNTIF(Skill!V:V,20504) -> 2 | K4: 敷宵宗 | L4: =COUNTIF(Skill!V:V,20505) -> 6 | M4: 雷家功 | N4: =COUNTIF(Skill!V:V,20506) -> 2 | O4: 萨么通幽 | P4: =COUNTIF(Skill!V:V,20507) -> 21 | Q4: 天泪八技（1） | R4: =COUNTIF(Skill!V:V,20508) -> 3
A5: 中期 | C5: 二流散功 | D5: =COUNTIF(Skill!V:V,20401) -> 9 | G5: 猊煞变 | H5: =COUNTIF(Skill!V:V,20403) -> 2 | I5: 业生寺 | J5: =COUNTIF(Skill!V:V,20404) -> 6 | K5: 异道载 | L5: =COUNTIF(Skill!V:V,20405) -> 2 | M5: 第五绝功 | N5: =COUNTIF(Skill!V:V,20406) -> 3 | O5: 幻千笈 | P5: =COUNTIF(Skill!V:V,20407) -> 3 | Q5: 空青阁 | R5: =COUNTIF(Skill!V:V,20408) -> 0 | S5: 天公道 | T5: =COUNTIF(Skill!V:V,20409) -> 2
A6: 前中期 | C6: 三流散功 | D6: =COUNTIF(Skill!V:V,20301) -> 11 | E6: 基础法咒 | F6: =COUNTIF(Skill!V:V,20302) -> 8 | G6: 羽楼 | H6: =COUNTIF(Skill!V:V,20303) -> 8 | I6: 炁卜 | J6: =COUNTIF(Skill!V:V,20304) -> 4 | K6: 忱武堂 | L6: =COUNTIF(Skill!V:V,20305) -> 7 | M6: 血霞秘功◈ | N6: =COUNTIF(Skill!V:V,20306) -> 7
A7: 前期 | C7: 常功 | D7: =COUNTIF(Skill!V:V,20201) -> 18 | E7: 市井拳脚 | F7: =COUNTIF(Skill!V:V,20202) -> 12 | G7: 野法乱术◈ | H7: =COUNTIF(Skill!V:V,20203) -> 8 | I7: 乌仇神功 | J7: =COUNTIF(Skill!V:V,20204) -> 5 | K7: 渔术◈ | L7: =COUNTIF(Skill!V:V,20205) -> 11
A8: 初始 | C8: 基本功 | D8: =COUNTIF(Skill!V:V,20101) -> 18
C9: 无 | D9: =COUNTIF(Skill!V:V,20001) -> 82
G13: 强度模型 | H13: 低 | J13: 中 | L13: 高 | Q13: 键规律 | R13: 包含
G14: 后期 | H14: 125 | J14: 145 | L14: 165 | Q14: 防御类 | R14: ↓
G15: 中后期 | H15: 120 | J15: 140 | L15: 160 | Q15: 恢复炁 | R15: ↑
G16: 中期 | H16: 115 | J16: 135 | L16: 155 | Q16: 加速度 | R16: →
G17: 前中期 | H17: 110 | J17: 130 | L17: 150
G18: 前期 | H18: 105 | J18: 125 | L18: 145
G19: 初始 | H19: 100 | J19: 120 | L19: 140
G21: 消耗 | H21: 10~20 | J21: 30~40 | L21: 45~60

Sheet Sheet2
B3: 技能效果 | C3: 出现 | D3: 设定 | H3: 前期 | I3: 前中期 | J3: 中期 | K3: 中后期 | L3: 后期 | M3: 特殊
A4: 1 | B4: 至少造成x%力/技的伤害时 | C4: 多 | D4: 被回避、护体、防御、更强的杀式交锋等手段反制
A5: 2 | B5: 未产生交锋时生效 | C5: 中 | D5: 偷刀招式，需要掩护或者时机
A6: 3 | B6: 纯粹产生延续收益、恢复战斗资源 | C6: 中 | D6: 易被攻击打断损失收益
A7: 4 | B7: 各种负面效果于招式内占比较大 | C7: 多 | D7: 施加负面，削弱、限制敌手行动
A8: 5 | B8: 威力为主 | C8: 多 | D8: 拼招、造成直接伤害为主
A9: 6 | B9: 削减目标的炁 | C9: 多 | D9: 打断炁消耗与持有炁差距不大时释放的招式、抑制敌手高强招式的使用
A10: 7 | B10: 恢复战斗资源的攻击 | C10: 多 | D10: 被阻止恢复炁的招式克制
F16: 风步移形
F17: 止水折流
F18: 胎光游虚

Sheet Sheet1
A1: id | C1: 招式 | D1: 行动决定后效果参数 | F1: 释放成功效果参数 | H1: 产生交锋效果参数 | J1: 行动后效果参数 | L1: 其他效果参数 | N1: 职能限制 | O1: 技巧点 | Q1: 按键 | R1: 可选目标 | S1: 刚炁消耗 | T1: 玄炁消耗 | U1: 派系 | W1: 特效资源 | X1: 特效产生点 | Y1: 是否需要目标 | Z1: 能否习得
A2: Id | B2: #招式名 | C2: Move | D2: ActionParams | E2: 行动决定后 | F2: ReleaseParams | G2: 释放成功 | H2: CrossSwordsParams | I2: 产生交锋 | J2: FinishParams | K2: 行动后 | L2: OtherParams | M2: #效果：其他 | N2: ProfessionRestriction | P2: #按键 | Q2: Key | R2: Object | S2: GangQiExpend | T2: XuanQiExpend | U2: Sect | V2: #派系 | Y2: ReleaseTargetRequirements | Z2: learnRestriction
A3: int32 | C3: int32 | D3: string | F3: string | H3: string | J3: string | L3: string | N3: int32 | O3: int32 | Q3: string | R3: int32 | S3: int32 | T3: int32 | U3: string
B27: ↑ | C27: {=SUMPRODUCT(LEN(P:P)-LEN(SUBSTITUTE(P:P,"↑","")))} -> 0
B28: ↓ | C28: {=SUMPRODUCT(LEN(P:P)-LEN(SUBSTITUTE(P:P,"↓","")))} -> 0
B29: ← | C29: {=SUMPRODUCT(LEN(P:P)-LEN(SUBSTITUTE(P:P,"←","")))} -> 0
B30: → | C30: {=SUMPRODUCT(LEN(P:P)-LEN(SUBSTITUTE(P:P,"→","")))} -> 0
